subject,count,link
"tacoma (wash.)--history",10,"erika-b.github.io/tchp_dev/browse.html#tacoma%20(wash.)--history"
"xyz",9,"erika-b.github.io/tchp_dev/browse.html#xyz"
"tacoma (wash.)--race relations",7,"erika-b.github.io/tchp_dev/browse.html#tacoma%20(wash.)--race%20relations"
"japanese americans--evacuation and relocation, 1942-1945--personal narratives",4,"erika-b.github.io/tchp_dev/browse.html#japanese%20americans--evacuation%20and%20relocation,%201942-1945--personal%20narratives"
"japanese americans--washington (state)--tacoma--interviews",3,"erika-b.github.io/tchp_dev/browse.html#japanese%20americans--washington%20(state)--tacoma--interviews"
"tacoma (wash.)--ethnic relations--history--20th century",3,"erika-b.github.io/tchp_dev/browse.html#tacoma%20(wash.)--ethnic%20relations--history--20th%20century"
"african americans--washington (state)--tacoma--history",3,"erika-b.github.io/tchp_dev/browse.html#african%20americans--washington%20(state)--tacoma--history"
"japanese american citizens' league",2,"erika-b.github.io/tchp_dev/browse.html#japanese%20american%20citizens'%20league"
"civic leaders--washington (state)--tacoma--interviews",2,"erika-b.github.io/tchp_dev/browse.html#civic%20leaders--washington%20(state)--tacoma--interviews"
"civil rights workers--washington (state)--tacoma--interviews",2,"erika-b.github.io/tchp_dev/browse.html#civil%20rights%20workers--washington%20(state)--tacoma--interviews"
"japanese americans--reparations--personal narratives",2,"erika-b.github.io/tchp_dev/browse.html#japanese%20americans--reparations--personal%20narratives"
"world war, 1939-1945--washington (state)",2,"erika-b.github.io/tchp_dev/browse.html#world%20war,%201939-1945--washington%20(state)"
"religious leaders--washington (state)--tacoma--interviews",2,"erika-b.github.io/tchp_dev/browse.html#religious%20leaders--washington%20(state)--tacoma--interviews"
"political activists--washington (state)--tacoma--interviews",2,"erika-b.github.io/tchp_dev/browse.html#political%20activists--washington%20(state)--tacoma--interviews"
"washington (state)--economic conditions",2,"erika-b.github.io/tchp_dev/browse.html#washington%20(state)--economic%20conditions"
"african americans--washington (state)--tacoma--interviews",2,"erika-b.github.io/tchp_dev/browse.html#african%20americans--washington%20(state)--tacoma--interviews"
"african american women--washington (state)--tacoma--interviews",2,"erika-b.github.io/tchp_dev/browse.html#african%20american%20women--washington%20(state)--tacoma--interviews"
"african americans--washington (state)--tacoma--social conditions",2,"erika-b.github.io/tchp_dev/browse.html#african%20americans--washington%20(state)--tacoma--social%20conditions"
"historians--washington (state)--tacoma--interviews",2,"erika-b.github.io/tchp_dev/browse.html#historians--washington%20(state)--tacoma--interviews"
"tacoma (wash.)--history--sources",2,"erika-b.github.io/tchp_dev/browse.html#tacoma%20(wash.)--history--sources"
"hilltop (tacoma, wash.)",2,"erika-b.github.io/tchp_dev/browse.html#hilltop%20(tacoma,%20wash.)"
"businesspeople--washington (state)--tacoma--interviews",2,"erika-b.github.io/tchp_dev/browse.html#businesspeople--washington%20(state)--tacoma--interviews"
"farms, small",2,"erika-b.github.io/tchp_dev/browse.html#farms,%20small"
"local foods",2,"erika-b.github.io/tchp_dev/browse.html#local%20foods"
"food secuirty",2,"erika-b.github.io/tchp_dev/browse.html#food%20secuirty"
"covid-19 (disease), oral history",2,"erika-b.github.io/tchp_dev/browse.html#covid-19%20(disease),%20oral%20history"
"otto, bill, 1900- --interviews",1,"erika-b.github.io/tchp_dev/browse.html#otto,%20bill,%201900-%20--interviews"
"pioneers--washington (state)--key peninsula--interviews",1,"erika-b.github.io/tchp_dev/browse.html#pioneers--washington%20(state)--key%20peninsula--interviews"
"family farms--washington (state)--key peninsula",1,"erika-b.github.io/tchp_dev/browse.html#family%20farms--washington%20(state)--key%20peninsula"
"german americans--washington (state)--key peninsula",1,"erika-b.github.io/tchp_dev/browse.html#german%20americans--washington%20(state)--key%20peninsula"
"logging--washington (state)--key peninsula",1,"erika-b.github.io/tchp_dev/browse.html#logging--washington%20(state)--key%20peninsula"
"youth league baseball--washington (state)--pierce county",1,"erika-b.github.io/tchp_dev/browse.html#youth%20league%20baseball--washington%20(state)--pierce%20county"
"key peninsula (wash.)--social life and customs--20th century",1,"erika-b.github.io/tchp_dev/browse.html#key%20peninsula%20(wash.)--social%20life%20and%20customs--20th%20century"
"longbranch (wash.)--social life and customs--20th century",1,"erika-b.github.io/tchp_dev/browse.html#longbranch%20(wash.)--social%20life%20and%20customs--20th%20century"
"pierce county (wash.)--social life and customs--20th century",1,"erika-b.github.io/tchp_dev/browse.html#pierce%20county%20(wash.)--social%20life%20and%20customs--20th%20century"
"gallucci, bob, 1920-1996--interviews",1,"erika-b.github.io/tchp_dev/browse.html#gallucci,%20bob,%201920-1996--interviews"
"italian americans--washington (state)--tacoma--interviews",1,"erika-b.github.io/tchp_dev/browse.html#italian%20americans--washington%20(state)--tacoma--interviews"
"italian americans--washington (state)--tacoma",1,"erika-b.github.io/tchp_dev/browse.html#italian%20americans--washington%20(state)--tacoma"
"italian american families--washington (state)--tacoma",1,"erika-b.github.io/tchp_dev/browse.html#italian%20american%20families--washington%20(state)--tacoma"
"hilltop (tacoma, wash.)--social conditions--20th century",1,"erika-b.github.io/tchp_dev/browse.html#hilltop%20(tacoma,%20wash.)--social%20conditions--20th%20century"
"hilltop (tacoma, wash.)--social life and customs--20th century",1,"erika-b.github.io/tchp_dev/browse.html#hilltop%20(tacoma,%20wash.)--social%20life%20and%20customs--20th%20century"
"kosai, joseph, 1933-2008--interviews",1,"erika-b.github.io/tchp_dev/browse.html#kosai,%20joseph,%201933-2008--interviews"
"minidoka relocation center--personal narratives",1,"erika-b.github.io/tchp_dev/browse.html#minidoka%20relocation%20center--personal%20narratives"
"discrimination in education--washington (state)--tacoma",1,"erika-b.github.io/tchp_dev/browse.html#discrimination%20in%20education--washington%20(state)--tacoma"
"educators--washington (state)--tacoma--interviews",1,"erika-b.github.io/tchp_dev/browse.html#educators--washington%20(state)--tacoma--interviews"
"estrada, eudoro, 1933---interviews",1,"erika-b.github.io/tchp_dev/browse.html#estrada,%20eudoro,%201933---interviews"
"sylvia reforestation, inc.",1,"erika-b.github.io/tchp_dev/browse.html#sylvia%20reforestation,%20inc."
"mexican americans--washington (state)--hoquiam--interviews",1,"erika-b.github.io/tchp_dev/browse.html#mexican%20americans--washington%20(state)--hoquiam--interviews"
"mexican americans--washington (state)--tacoma--interviews",1,"erika-b.github.io/tchp_dev/browse.html#mexican%20americans--washington%20(state)--tacoma--interviews"
"businessmen--washington (state)--hoquiam--interviews",1,"erika-b.github.io/tchp_dev/browse.html#businessmen--washington%20(state)--hoquiam--interviews"
"businessmen--washington (state)--tacoma--interviews",1,"erika-b.github.io/tchp_dev/browse.html#businessmen--washington%20(state)--tacoma--interviews"
"foreign workers, mexican--washington (state)",1,"erika-b.github.io/tchp_dev/browse.html#foreign%20workers,%20mexican--washington%20(state)"
"foreign workers, latin american--washington (state)",1,"erika-b.github.io/tchp_dev/browse.html#foreign%20workers,%20latin%20american--washington%20(state)"
"discrimination in employment--washington (state)",1,"erika-b.github.io/tchp_dev/browse.html#discrimination%20in%20employment--washington%20(state)"
"mexican american families--washington (state)",1,"erika-b.github.io/tchp_dev/browse.html#mexican%20american%20families--washington%20(state)"
"mexicans--employment--washington (state)",1,"erika-b.github.io/tchp_dev/browse.html#mexicans--employment--washington%20(state)"
"reforestation--washington (state)",1,"erika-b.github.io/tchp_dev/browse.html#reforestation--washington%20(state)"
"washington (state)--ethnic relations",1,"erika-b.github.io/tchp_dev/browse.html#washington%20(state)--ethnic%20relations"
"hoquiam (wash.)--ethnic relations",1,"erika-b.github.io/tchp_dev/browse.html#hoquiam%20(wash.)--ethnic%20relations"
"tacoma (wash.)--ethnic relations",1,"erika-b.github.io/tchp_dev/browse.html#tacoma%20(wash.)--ethnic%20relations"
"tacoma rescue mission",1,"erika-b.github.io/tchp_dev/browse.html#tacoma%20rescue%20mission"
"ellis, joseph n.--interviews",1,"erika-b.github.io/tchp_dev/browse.html#ellis,%20joseph%20n.--interviews"
"jeffery, diana k.--interviews",1,"erika-b.github.io/tchp_dev/browse.html#jeffery,%20diana%20k.--interviews"
"barker, g. hanley",1,"erika-b.github.io/tchp_dev/browse.html#barker,%20g.%20hanley"
"marvin, raymond l.",1,"erika-b.github.io/tchp_dev/browse.html#marvin,%20raymond%20l."
"shaughnessy, c. m., (cornelius mack), . b. 1895.",1,"erika-b.github.io/tchp_dev/browse.html#shaughnessy,%20c.%20m.,%20(cornelius%20mack),%20.%20b.%201895."
"smith, gipsy, 1860-1947.",1,"erika-b.github.io/tchp_dev/browse.html#smith,%20gipsy,%201860-1947."
"rescue missions (church work)--officials and employees--washington (state)--tacoma--interviews",1,"erika-b.github.io/tchp_dev/browse.html#rescue%20missions%20(church%20work)--officials%20and%20employees--washington%20(state)--tacoma--interviews"
"city missions--washington (state)--tacoma",1,"erika-b.github.io/tchp_dev/browse.html#city%20missions--washington%20(state)--tacoma"
"church work with the poor--washington (state)--tacoma",1,"erika-b.github.io/tchp_dev/browse.html#church%20work%20with%20the%20poor--washington%20(state)--tacoma"
"homeless persons--services for--washington (state)--tacoma",1,"erika-b.github.io/tchp_dev/browse.html#homeless%20persons--services%20for--washington%20(state)--tacoma"
"rescue missions (church work)--washington (state)--tacoma",1,"erika-b.github.io/tchp_dev/browse.html#rescue%20missions%20(church%20work)--washington%20(state)--tacoma"
"shelters for the homeless--washington (state)--tacoma",1,"erika-b.github.io/tchp_dev/browse.html#shelters%20for%20the%20homeless--washington%20(state)--tacoma"
"tacoma (wash.)--social conditions",1,"erika-b.github.io/tchp_dev/browse.html#tacoma%20(wash.)--social%20conditions"
"takemura, thomas shoji--interviews",1,"erika-b.github.io/tchp_dev/browse.html#takemura,%20thomas%20shoji--interviews"
"puyallup assembly center (puyallup, wash.)--personal narratives",1,"erika-b.github.io/tchp_dev/browse.html#puyallup%20assembly%20center%20(puyallup,%20wash.)--personal%20narratives"
"utah-idaho sugar company",1,"erika-b.github.io/tchp_dev/browse.html#utah-idaho%20sugar%20company"
"japanese americans--washington (state)--fife--interviews",1,"erika-b.github.io/tchp_dev/browse.html#japanese%20americans--washington%20(state)--fife--interviews"
"civic leaders--washington (state)--fife--interviews",1,"erika-b.github.io/tchp_dev/browse.html#civic%20leaders--washington%20(state)--fife--interviews"
"japanese americans--washington (state)",1,"erika-b.github.io/tchp_dev/browse.html#japanese%20americans--washington%20(state)"
"andrews, milton p.--interviews",1,"erika-b.github.io/tchp_dev/browse.html#andrews,%20milton%20p.--interviews"
"hillside community church (tacoma, wash.)",1,"erika-b.github.io/tchp_dev/browse.html#hillside%20community%20church%20(tacoma,%20wash.)"
"church and social problems--washington (state)--tacoma",1,"erika-b.github.io/tchp_dev/browse.html#church%20and%20social%20problems--washington%20(state)--tacoma"
"methodist church--united states--clergy--interviews",1,"erika-b.github.io/tchp_dev/browse.html#methodist%20church--united%20states--clergy--interviews"
"tacoma (wash.)--church history--20th century",1,"erika-b.github.io/tchp_dev/browse.html#tacoma%20(wash.)--church%20history--20th%20century"
"jorgenson, howard--interviews",1,"erika-b.github.io/tchp_dev/browse.html#jorgenson,%20howard--interviews"
"masten, george d.--interviews",1,"erika-b.github.io/tchp_dev/browse.html#masten,%20george%20d.--interviews"
"moore, gary (gary l.)--interviews",1,"erika-b.github.io/tchp_dev/browse.html#moore,%20gary%20(gary%20l.)--interviews"
"schut, norman--interviews",1,"erika-b.github.io/tchp_dev/browse.html#schut,%20norman--interviews"
"stohl, esther--interviews",1,"erika-b.github.io/tchp_dev/browse.html#stohl,%20esther--interviews"
"washington federation of state employees",1,"erika-b.github.io/tchp_dev/browse.html#washington%20federation%20of%20state%20employees"
"labor unions--washington (state)--officials and employees--interviews",1,"erika-b.github.io/tchp_dev/browse.html#labor%20unions--washington%20(state)--officials%20and%20employees--interviews"
"labor movement--washington (state)--history",1,"erika-b.github.io/tchp_dev/browse.html#labor%20movement--washington%20(state)--history"
"labor unions--united states--officials and employees--interviews",1,"erika-b.github.io/tchp_dev/browse.html#labor%20unions--united%20states--officials%20and%20employees--interviews"
"dungey, curtis--interviews",1,"erika-b.github.io/tchp_dev/browse.html#dungey,%20curtis--interviews"
"o'donahue, chuck--interviews",1,"erika-b.github.io/tchp_dev/browse.html#o'donahue,%20chuck--interviews"
"american smelting and refining company--history",1,"erika-b.github.io/tchp_dev/browse.html#american%20smelting%20and%20refining%20company--history"
"asarco inc.--employees--interviews",1,"erika-b.github.io/tchp_dev/browse.html#asarco%20inc.--employees--interviews"
"international union of mine, mill, and smelter workers. local 25 (tacoma, wash.)",1,"erika-b.github.io/tchp_dev/browse.html#international%20union%20of%20mine,%20mill,%20and%20smelter%20workers.%20local%2025%20(tacoma,%20wash.)"
"geochemists--washington (state)--tacoma--interviews",1,"erika-b.github.io/tchp_dev/browse.html#geochemists--washington%20(state)--tacoma--interviews"
"labor unions--officials and employees--interviews",1,"erika-b.github.io/tchp_dev/browse.html#labor%20unions--officials%20and%20employees--interviews"
"metal-workers--washington (state)--tacoma--interviews",1,"erika-b.github.io/tchp_dev/browse.html#metal-workers--washington%20(state)--tacoma--interviews"
"mineral industries--employees--interviews",1,"erika-b.github.io/tchp_dev/browse.html#mineral%20industries--employees--interviews"
"smelting furnaces--environmental aspects--washington (state)--tacoma",1,"erika-b.github.io/tchp_dev/browse.html#smelting%20furnaces--environmental%20aspects--washington%20(state)--tacoma"
"tacoma (wash.)--economic conditions",1,"erika-b.github.io/tchp_dev/browse.html#tacoma%20(wash.)--economic%20conditions"
"yukawa, kosho--interviews",1,"erika-b.github.io/tchp_dev/browse.html#yukawa,%20kosho--interviews"
"nakano, yaeko--interviews",1,"erika-b.github.io/tchp_dev/browse.html#nakano,%20yaeko--interviews"
"pratt, sunya",1,"erika-b.github.io/tchp_dev/browse.html#pratt,%20sunya"
"buddhist churches of america",1,"erika-b.github.io/tchp_dev/browse.html#buddhist%20churches%20of%20america"
"tacoma buddhist church",1,"erika-b.github.io/tchp_dev/browse.html#tacoma%20buddhist%20church"
"tacoma buddhist temple",1,"erika-b.github.io/tchp_dev/browse.html#tacoma%20buddhist%20temple"
"buddhism--washington (state)--tacoma",1,"erika-b.github.io/tchp_dev/browse.html#buddhism--washington%20(state)--tacoma"
"japanese american women--washington (state)--tacoma--interviews",1,"erika-b.github.io/tchp_dev/browse.html#japanese%20american%20women--washington%20(state)--tacoma--interviews"
"women organists--washington (state)--tacoma--interviews",1,"erika-b.github.io/tchp_dev/browse.html#women%20organists--washington%20(state)--tacoma--interviews"
"tacoma friends meeting (tacoma, wash.)",1,"erika-b.github.io/tchp_dev/browse.html#tacoma%20friends%20meeting%20(tacoma,%20wash.)"
"holden, leonard w., 1922-1999--interviews",1,"erika-b.github.io/tchp_dev/browse.html#holden,%20leonard%20w.,%201922-1999--interviews"
"jahn, julius, 1914-2013--interviews",1,"erika-b.github.io/tchp_dev/browse.html#jahn,%20julius,%201914-2013--interviews"
"tacoma (wash.)--religious life and customs",1,"erika-b.github.io/tchp_dev/browse.html#tacoma%20(wash.)--religious%20life%20and%20customs"
"quakers--washington (state)--tacoma interviews",1,"erika-b.github.io/tchp_dev/browse.html#quakers--washington%20(state)--tacoma%20interviews"
"quakers-- political activity-- washington (state)--tacoma",1,"erika-b.github.io/tchp_dev/browse.html#quakers--%20political%20activity--%20washington%20(state)--tacoma"
"society of friends--washington (state)--tacoma--history",1,"erika-b.github.io/tchp_dev/browse.html#society%20of%20friends--washington%20(state)--tacoma--history"
"peters, mark a., 1955- --interviews",1,"erika-b.github.io/tchp_dev/browse.html#peters,%20mark%20a.,%201955-%20--interviews"
"peters, calvin, 1927-2011--interviews",1,"erika-b.github.io/tchp_dev/browse.html#peters,%20calvin,%201927-2011--interviews"
"peters, josephine, 1904-2000--interviews",1,"erika-b.github.io/tchp_dev/browse.html#peters,%20josephine,%201904-2000--interviews"
"krise, james, 1916-2003--interviews",1,"erika-b.github.io/tchp_dev/browse.html#krise,%20james,%201916-2003--interviews"
"krise, randolph h",1,"erika-b.github.io/tchp_dev/browse.html#krise,%20randolph%20h"
"puget sound salish indians--interviews",1,"erika-b.github.io/tchp_dev/browse.html#puget%20sound%20salish%20indians--interviews"
"puget sound salish indians--social life and customs",1,"erika-b.github.io/tchp_dev/browse.html#puget%20sound%20salish%20indians--social%20life%20and%20customs"
"indians of north america--washington (state)--squaxin island",1,"erika-b.github.io/tchp_dev/browse.html#indians%20of%20north%20america--washington%20(state)--squaxin%20island"
"squaxin island (wash.)",1,"erika-b.github.io/tchp_dev/browse.html#squaxin%20island%20(wash.)"
"squaxin island tribe of the squaxin island reservation, washington",1,"erika-b.github.io/tchp_dev/browse.html#squaxin%20island%20tribe%20of%20the%20squaxin%20island%20reservation,%20washington"
"puget sound salish indians--education",1,"erika-b.github.io/tchp_dev/browse.html#puget%20sound%20salish%20indians--education"
"puget sound salish indians--government relations",1,"erika-b.github.io/tchp_dev/browse.html#puget%20sound%20salish%20indians--government%20relations"
"puget sound salish indians--social conditions",1,"erika-b.github.io/tchp_dev/browse.html#puget%20sound%20salish%20indians--social%20conditions"
"puget sound salish indians--ethnic identity",1,"erika-b.github.io/tchp_dev/browse.html#puget%20sound%20salish%20indians--ethnic%20identity"
"discrimination in education--washington (state)",1,"erika-b.github.io/tchp_dev/browse.html#discrimination%20in%20education--washington%20(state)"
"traditional fishing--northwest, pacific",1,"erika-b.github.io/tchp_dev/browse.html#traditional%20fishing--northwest,%20pacific"
"kawasaki, tadaye fujimoto--interviews",1,"erika-b.github.io/tchp_dev/browse.html#kawasaki,%20tadaye%20fujimoto--interviews"
"sugiyama, yoshiko fujimoto--interviews",1,"erika-b.github.io/tchp_dev/browse.html#sugiyama,%20yoshiko%20fujimoto--interviews"
"tanbara, kimi fujimoto--interviews",1,"erika-b.github.io/tchp_dev/browse.html#tanbara,%20kimi%20fujimoto--interviews"
"hirose, sadako--interviews",1,"erika-b.github.io/tchp_dev/browse.html#hirose,%20sadako--interviews"
"nihongo gakko (tacoma, wash.)",1,"erika-b.github.io/tchp_dev/browse.html#nihongo%20gakko%20(tacoma,%20wash.)"
"language schools--washington (state)--tacoma",1,"erika-b.github.io/tchp_dev/browse.html#language%20schools--washington%20(state)--tacoma"
"school buildings--washington (state)--tacoma",1,"erika-b.github.io/tchp_dev/browse.html#school%20buildings--washington%20(state)--tacoma"
"stafford, helen, 1899-2002--interviews",1,"erika-b.github.io/tchp_dev/browse.html#stafford,%20helen,%201899-2002--interviews"
"community activists--washington (state)--tacoma--interviews",1,"erika-b.github.io/tchp_dev/browse.html#community%20activists--washington%20(state)--tacoma--interviews"
"african american women civic leaders--washington (state)--tacoma--interviews",1,"erika-b.github.io/tchp_dev/browse.html#african%20american%20women%20civic%20leaders--washington%20(state)--tacoma--interviews"
"african americans--washington (state)--history",1,"erika-b.github.io/tchp_dev/browse.html#african%20americans--washington%20(state)--history"
"moss, harold g., 1929-",1,"erika-b.github.io/tchp_dev/browse.html#moss,%20harold%20g.,%201929-"
"mayors--washington (state)--tacoma--interviews",1,"erika-b.github.io/tchp_dev/browse.html#mayors--washington%20(state)--tacoma--interviews"
"african american politicians--washington (state)--tacoma--interviews",1,"erika-b.github.io/tchp_dev/browse.html#african%20american%20politicians--washington%20(state)--tacoma--interviews"
"african american civil rights workers--washington (state)--tacoma--interviews",1,"erika-b.github.io/tchp_dev/browse.html#african%20american%20civil%20rights%20workers--washington%20(state)--tacoma--interviews"
"civil rights movements--washington (state)--tacoma",1,"erika-b.github.io/tchp_dev/browse.html#civil%20rights%20movements--washington%20(state)--tacoma"
"social justice--washington (state)--tacoma",1,"erika-b.github.io/tchp_dev/browse.html#social%20justice--washington%20(state)--tacoma"
"race discrimination--washington (state)--tacoma",1,"erika-b.github.io/tchp_dev/browse.html#race%20discrimination--washington%20(state)--tacoma"
"flannigan, dennis--interviews",1,"erika-b.github.io/tchp_dev/browse.html#flannigan,%20dennis--interviews"
"kleiner, greg, 1949--interviews",1,"erika-b.github.io/tchp_dev/browse.html#kleiner,%20greg,%201949--interviews"
"walton, james l., 1939--interviews",1,"erika-b.github.io/tchp_dev/browse.html#walton,%20james%20l.,%201939--interviews"
"city managers--washington (state)--tacoma--interviews",1,"erika-b.github.io/tchp_dev/browse.html#city%20managers--washington%20(state)--tacoma--interviews"
"county council members--washington (state)--pierce county--interviews",1,"erika-b.github.io/tchp_dev/browse.html#county%20council%20members--washington%20(state)--pierce%20county--interviews"
"nonprofit organizations--washington (state)--pierce county--employees--interviews",1,"erika-b.github.io/tchp_dev/browse.html#nonprofit%20organizations--washington%20(state)--pierce%20county--employees--interviews"
"safe streets campaign (tacoma, wash.)",1,"erika-b.github.io/tchp_dev/browse.html#safe%20streets%20campaign%20(tacoma,%20wash.)"
"nonprofit organizations--washington (state)--pierce county",1,"erika-b.github.io/tchp_dev/browse.html#nonprofit%20organizations--washington%20(state)--pierce%20county"
"crime prevention--washington (state)--tacoma--citizen participation",1,"erika-b.github.io/tchp_dev/browse.html#crime%20prevention--washington%20(state)--tacoma--citizen%20participation"
"drug abuse and crime--washington (state)--tacoma",1,"erika-b.github.io/tchp_dev/browse.html#drug%20abuse%20and%20crime--washington%20(state)--tacoma"
"gangs--washington (state)--tacoma",1,"erika-b.github.io/tchp_dev/browse.html#gangs--washington%20(state)--tacoma"
"turner, louise r., 1907-1998--interviews",1,"erika-b.github.io/tchp_dev/browse.html#turner,%20louise%20r.,%201907-1998--interviews"
"canada, bernice c., 1913-1998--interviews",1,"erika-b.github.io/tchp_dev/browse.html#canada,%20bernice%20c.,%201913-1998--interviews"
"lay ministry--washington (state)--tacoma",1,"erika-b.github.io/tchp_dev/browse.html#lay%20ministry--washington%20(state)--tacoma"
"franklin, rosa, 1927--interviews",1,"erika-b.github.io/tchp_dev/browse.html#franklin,%20rosa,%201927--interviews"
"legislators--washington (state)--interviews",1,"erika-b.github.io/tchp_dev/browse.html#legislators--washington%20(state)--interviews"
"nurses--washington (state)--interviews",1,"erika-b.github.io/tchp_dev/browse.html#nurses--washington%20(state)--interviews"
"health services accessibility",1,"erika-b.github.io/tchp_dev/browse.html#health%20services%20accessibility"
"morgan, murray, 1916-2000--interviews",1,"erika-b.github.io/tchp_dev/browse.html#morgan,%20murray,%201916-2000--interviews"
"morgan, rosa, 1918---interviews",1,"erika-b.github.io/tchp_dev/browse.html#morgan,%20rosa,%201918---interviews"
"authors, american--interviews",1,"erika-b.github.io/tchp_dev/browse.html#authors,%20american--interviews"
"photographers--washington (state)--tacoma--interviews",1,"erika-b.github.io/tchp_dev/browse.html#photographers--washington%20(state)--tacoma--interviews"
"reference librarians--washington (state)--tacoma--interviews",1,"erika-b.github.io/tchp_dev/browse.html#reference%20librarians--washington%20(state)--tacoma--interviews"
"northwest, pacific--history--sources",1,"erika-b.github.io/tchp_dev/browse.html#northwest,%20pacific--history--sources"
"walker, charles, 1928-1996--interviews",1,"erika-b.github.io/tchp_dev/browse.html#walker,%20charles,%201928-1996--interviews"
"african american businesspeople--washington (state)--tacoma interviews",1,"erika-b.github.io/tchp_dev/browse.html#african%20american%20businesspeople--washington%20(state)--tacoma%20interviews"
"african american civic leaders--washington (state)--tacoma interviews",1,"erika-b.github.io/tchp_dev/browse.html#african%20american%20civic%20leaders--washington%20(state)--tacoma%20interviews"
"african americans--washington (state)--tacoma interviews",1,"erika-b.github.io/tchp_dev/browse.html#african%20americans--washington%20(state)--tacoma%20interviews"
"small business--washington (state)--tacoma",1,"erika-b.github.io/tchp_dev/browse.html#small%20business--washington%20(state)--tacoma"
"neighborhoods--washington (state)--tacoma",1,"erika-b.github.io/tchp_dev/browse.html#neighborhoods--washington%20(state)--tacoma"
"tacoma (wash.)--20th century--history",1,"erika-b.github.io/tchp_dev/browse.html#tacoma%20(wash.)--20th%20century--history"
"joinette, luke, 1908-1995--interviews",1,"erika-b.github.io/tchp_dev/browse.html#joinette,%20luke,%201908-1995--interviews"
"hotel & restaurant employees and bartenders international union. local 61 (tacoma, wash.)",1,"erika-b.github.io/tchp_dev/browse.html#hotel%20&%20restaurant%20employees%20and%20bartenders%20international%20union.%20local%2061%20(tacoma,%20wash.)"
"hotel & restaurant employees and bartenders international union.  local 8 (tacoma, wash.)",1,"erika-b.github.io/tchp_dev/browse.html#hotel%20&%20restaurant%20employees%20and%20bartenders%20international%20union.%20%20local%208%20(tacoma,%20wash.)"
"labor union members--washington (state)--tacoma--interviews",1,"erika-b.github.io/tchp_dev/browse.html#labor%20union%20members--washington%20(state)--tacoma--interviews"
"labor union members--washington (state)--tacoma",1,"erika-b.github.io/tchp_dev/browse.html#labor%20union%20members--washington%20(state)--tacoma"
"labor movement--washington (state)--tacoma",1,"erika-b.github.io/tchp_dev/browse.html#labor%20movement--washington%20(state)--tacoma"
"labor unions--washington (state)--tacoma",1,"erika-b.github.io/tchp_dev/browse.html#labor%20unions--washington%20(state)--tacoma"
"strikes and lockouts--washington (state)--tacoma",1,"erika-b.github.io/tchp_dev/browse.html#strikes%20and%20lockouts--washington%20(state)--tacoma"
"farber, steph--interviews",1,"erika-b.github.io/tchp_dev/browse.html#farber,%20steph--interviews"
"hurst, lucille--interviews",1,"erika-b.github.io/tchp_dev/browse.html#hurst,%20lucille--interviews"
"rosenthal, richard, 1924-1999--interviews",1,"erika-b.github.io/tchp_dev/browse.html#rosenthal,%20richard,%201924-1999--interviews"
"leroy jewelers (tacoma, wash.)",1,"erika-b.github.io/tchp_dev/browse.html#leroy%20jewelers%20(tacoma,%20wash.)"
"temple beth el (tacoma, wash.)",1,"erika-b.github.io/tchp_dev/browse.html#temple%20beth%20el%20(tacoma,%20wash.)"
"central business districts--washington (state)--tacoma",1,"erika-b.github.io/tchp_dev/browse.html#central%20business%20districts--washington%20(state)--tacoma"
"jewelers--washington (state)--tacoma--interviews",1,"erika-b.github.io/tchp_dev/browse.html#jewelers--washington%20(state)--tacoma--interviews"
"jews--washington (state)--tacoma--interviews",1,"erika-b.github.io/tchp_dev/browse.html#jews--washington%20(state)--tacoma--interviews"
"jews--washington (state)--tacoma--history",1,"erika-b.github.io/tchp_dev/browse.html#jews--washington%20(state)--tacoma--history"
"rabbis--washington (state)--tacoma--interviews",1,"erika-b.github.io/tchp_dev/browse.html#rabbis--washington%20(state)--tacoma--interviews"
"single mothers--washington (state)--tacoma--interviews",1,"erika-b.github.io/tchp_dev/browse.html#single%20mothers--washington%20(state)--tacoma--interviews"
"stores, retail--washington (state)--tacoma--history",1,"erika-b.github.io/tchp_dev/browse.html#stores,%20retail--washington%20(state)--tacoma--history"
"women sculptors--washington (state)--tacoma--interviews",1,"erika-b.github.io/tchp_dev/browse.html#women%20sculptors--washington%20(state)--tacoma--interviews"
"tacoma (wash.)--commerce--history",1,"erika-b.github.io/tchp_dev/browse.html#tacoma%20(wash.)--commerce--history"
"st. leo church (tacoma, wash.)",1,"erika-b.github.io/tchp_dev/browse.html#st.%20leo%20church%20(tacoma,%20wash.)"
"ditter, patricia--interviews",1,"erika-b.github.io/tchp_dev/browse.html#ditter,%20patricia--interviews"
"algers, david--interviews",1,"erika-b.github.io/tchp_dev/browse.html#algers,%20david--interviews"
"bichsel, bill, 1928-2015--interviews",1,"erika-b.github.io/tchp_dev/browse.html#bichsel,%20bill,%201928-2015--interviews"
"barkley, doris, 1921--interviews",1,"erika-b.github.io/tchp_dev/browse.html#barkley,%20doris,%201921--interviews"
"thomashofski, barbara, 1921--interviews",1,"erika-b.github.io/tchp_dev/browse.html#thomashofski,%20barbara,%201921--interviews"
"religious institutions--washington (state)--tacoma",1,"erika-b.github.io/tchp_dev/browse.html#religious%20institutions--washington%20(state)--tacoma"
"church and social problems--catholic church",1,"erika-b.github.io/tchp_dev/browse.html#church%20and%20social%20problems--catholic%20church"
"civic leaders-- washington (state)--tacoma--interviews",1,"erika-b.github.io/tchp_dev/browse.html#civic%20leaders--%20washington%20(state)--tacoma--interviews"
"civil rights-- washington (state)--tacoma",1,"erika-b.github.io/tchp_dev/browse.html#civil%20rights--%20washington%20(state)--tacoma"
"clergy-- washington (state)--tacoma",1,"erika-b.github.io/tchp_dev/browse.html#clergy--%20washington%20(state)--tacoma"
"neighborhoods-- washington (state)--tacoma",1,"erika-b.github.io/tchp_dev/browse.html#neighborhoods--%20washington%20(state)--tacoma"
"conner, will j., 1904-1996",1,"erika-b.github.io/tchp_dev/browse.html#conner,%20will%20j.,%201904-1996"
"theatrical managers--washington (state)--tacoma--interviews",1,"erika-b.github.io/tchp_dev/browse.html#theatrical%20managers--washington%20(state)--tacoma--interviews"
"motion picture theater managers--washington (state)--tacoma--interviews",1,"erika-b.github.io/tchp_dev/browse.html#motion%20picture%20theater%20managers--washington%20(state)--tacoma--interviews"
"theaters--washington (state)--tacoma",1,"erika-b.github.io/tchp_dev/browse.html#theaters--washington%20(state)--tacoma"
"musical theater--washington (state)--tacoma",1,"erika-b.github.io/tchp_dev/browse.html#musical%20theater--washington%20(state)--tacoma"
"world war, 1939-1945--social aspects",1,"erika-b.github.io/tchp_dev/browse.html#world%20war,%201939-1945--social%20aspects"
"tacoma (wash.)--buildings, structures, etc.",1,"erika-b.github.io/tchp_dev/browse.html#tacoma%20(wash.)--buildings,%20structures,%20etc."
"markholt, ottilie--interviews",1,"erika-b.github.io/tchp_dev/browse.html#markholt,%20ottilie--interviews"
"women labor union members--washington (state)--tacoma--interviews",1,"erika-b.github.io/tchp_dev/browse.html#women%20labor%20union%20members--washington%20(state)--tacoma--interviews"
"labor--washington (state)--history",1,"erika-b.github.io/tchp_dev/browse.html#labor--washington%20(state)--history"
"women labor union members--history",1,"erika-b.github.io/tchp_dev/browse.html#women%20labor%20union%20members--history"
"nordstrom, ruth b., 1921-2004--interviews",1,"erika-b.github.io/tchp_dev/browse.html#nordstrom,%20ruth%20b.,%201921-2004--interviews"
"gregory, anne l., 1948- --interviews",1,"erika-b.github.io/tchp_dev/browse.html#gregory,%20anne%20l.,%201948-%20--interviews"
"wilhelm, lyn, 1947- --interviews",1,"erika-b.github.io/tchp_dev/browse.html#wilhelm,%20lyn,%201947-%20--interviews"
"wilson, reneÃÅ z., 1957- --interviews",1,"erika-b.github.io/tchp_dev/browse.html#wilson,%20ren%C3%A9%20z.,%201957-%20--interviews"
"women veterans--washington (state)--tacoma--interviews",1,"erika-b.github.io/tchp_dev/browse.html#women%20veterans--washington%20(state)--tacoma--interviews"
"nurses--washington (state)--tacoma--interviews",1,"erika-b.github.io/tchp_dev/browse.html#nurses--washington%20(state)--tacoma--interviews"
"gay veterans--washington (state)--tacoma--interviews",1,"erika-b.github.io/tchp_dev/browse.html#gay%20veterans--washington%20(state)--tacoma--interviews"
"homeless veterans--washington (state)--tacoma--interviews",1,"erika-b.github.io/tchp_dev/browse.html#homeless%20veterans--washington%20(state)--tacoma--interviews"
"veterans' hospitals--washington (state)--tacoma",1,"erika-b.github.io/tchp_dev/browse.html#veterans'%20hospitals--washington%20(state)--tacoma"
"united states. army--military life",1,"erika-b.github.io/tchp_dev/browse.html#united%20states.%20army--military%20life"
"united states. navy--military life",1,"erika-b.github.io/tchp_dev/browse.html#united%20states.%20navy--military%20life"
"veteran reintegration--united states",1,"erika-b.github.io/tchp_dev/browse.html#veteran%20reintegration--united%20states"
"american lake veterans affairs medical center",1,"erika-b.github.io/tchp_dev/browse.html#american%20lake%20veterans%20affairs%20medical%20center"
"marty, joseph, 1912-2001--interviews",1,"erika-b.github.io/tchp_dev/browse.html#marty,%20joseph,%201912-2001--interviews"
"schibig, joseph 1898-2001--interviews",1,"erika-b.github.io/tchp_dev/browse.html#schibig,%20joseph%201898-2001--interviews"
"schibig, katy, 1916-1995--interviews",1,"erika-b.github.io/tchp_dev/browse.html#schibig,%20katy,%201916-1995--interviews"
"inderbitzen, dick--interviews",1,"erika-b.github.io/tchp_dev/browse.html#inderbitzen,%20dick--interviews"
"swiss americans--washington (state)--tacoma--interviews",1,"erika-b.github.io/tchp_dev/browse.html#swiss%20americans--washington%20(state)--tacoma--interviews"
"immigrants--washington (state)--tacoma--interviews",1,"erika-b.github.io/tchp_dev/browse.html#immigrants--washington%20(state)--tacoma--interviews"
"usinesspeople--washington (state)--tacoma--interviews",1,"erika-b.github.io/tchp_dev/browse.html#usinesspeople--washington%20(state)--tacoma--interviews"
"dairy farmers--washington (state)--tacoma--interviews",1,"erika-b.github.io/tchp_dev/browse.html#dairy%20farmers--washington%20(state)--tacoma--interviews"
"sanitation workers--washington (state)--tacoma--interviews",1,"erika-b.github.io/tchp_dev/browse.html#sanitation%20workers--washington%20(state)--tacoma--interviews"
"fraternal organizations--washington (state)--tacoma",1,"erika-b.github.io/tchp_dev/browse.html#fraternal%20organizations--washington%20(state)--tacoma"
"fraternal organizations--washington (state)--tacoma--buildings",1,"erika-b.github.io/tchp_dev/browse.html#fraternal%20organizations--washington%20(state)--tacoma--buildings"
"united states--emigration and immigration",1,"erika-b.github.io/tchp_dev/browse.html#united%20states--emigration%20and%20immigration"
"americanization",1,"erika-b.github.io/tchp_dev/browse.html#americanization"
"royce, michael, 1946--interviews",1,"erika-b.github.io/tchp_dev/browse.html#royce,%20michael,%201946--interviews"
"veterans--washington (state)--tacoma--interviews",1,"erika-b.github.io/tchp_dev/browse.html#veterans--washington%20(state)--tacoma--interviews"
"pacifists--washington (state)--tacoma--interviews",1,"erika-b.github.io/tchp_dev/browse.html#pacifists--washington%20(state)--tacoma--interviews"
"soldiers--political activity--washington (state)--joint base lewis-mcchord",1,"erika-b.github.io/tchp_dev/browse.html#soldiers--political%20activity--washington%20(state)--joint%20base%20lewis-mcchord"
"peace movements--washington (state)--joint base lewis-mcchord",1,"erika-b.github.io/tchp_dev/browse.html#peace%20movements--washington%20(state)--joint%20base%20lewis-mcchord"
"vietnam war, 1961-1975--protest movements--washington (state)--joint base lewis-mcchord",1,"erika-b.github.io/tchp_dev/browse.html#vietnam%20war,%201961-1975--protest%20movements--washington%20(state)--joint%20base%20lewis-mcchord"
"united states--armed forces--political activity",1,"erika-b.github.io/tchp_dev/browse.html#united%20states--armed%20forces--political%20activity"
"lewis-mcchord free press",1,"erika-b.github.io/tchp_dev/browse.html#lewis-mcchord%20free%20press"
"underground newspapers--washington (state)--joint base lewis-mcchord",1,"erika-b.github.io/tchp_dev/browse.html#underground%20newspapers--washington%20(state)--joint%20base%20lewis-mcchord"
"anderson, thomas w., 1912-2000--interviews",1,"erika-b.github.io/tchp_dev/browse.html#anderson,%20thomas%20w.,%201912-2000--interviews"
"anderson, arthur r., 1910-1995",1,"erika-b.github.io/tchp_dev/browse.html#anderson,%20arthur%20r.,%201910-1995"
"civil engineers--washington (state)--tacoma--interviews",1,"erika-b.github.io/tchp_dev/browse.html#civil%20engineers--washington%20(state)--tacoma--interviews"
"concrete technology corporation",1,"erika-b.github.io/tchp_dev/browse.html#concrete%20technology%20corporation"
"concrete construction industry--washington (state)--tacoma",1,"erika-b.github.io/tchp_dev/browse.html#concrete%20construction%20industry--washington%20(state)--tacoma"
"prestressed concrete construction--washington (state)--tacoma",1,"erika-b.github.io/tchp_dev/browse.html#prestressed%20concrete%20construction--washington%20(state)--tacoma"
"stanup, peter c., 1858?-1893",1,"erika-b.github.io/tchp_dev/browse.html#stanup,%20peter%20c.,%201858?-1893"
"landry, lena, 1919-2010--interviews",1,"erika-b.github.io/tchp_dev/browse.html#landry,%20lena,%201919-2010--interviews"
"wright, judy, 1939-2013--interviews",1,"erika-b.github.io/tchp_dev/browse.html#wright,%20judy,%201939-2013--interviews"
"thomas, charles, 1936- --interviews",1,"erika-b.github.io/tchp_dev/browse.html#thomas,%20charles,%201936-%20--interviews"
"puyallup indians--history--sources",1,"erika-b.github.io/tchp_dev/browse.html#puyallup%20indians--history--sources"
"indians of north america--washington (state)--history--sources",1,"erika-b.github.io/tchp_dev/browse.html#indians%20of%20north%20america--washington%20(state)--history--sources"
"sonntag, jack w. 1907-1969",1,"erika-b.github.io/tchp_dev/browse.html#sonntag,%20jack%20w.%201907-1969"
"sonntag, jean, 1913-2000--interviews",1,"erika-b.github.io/tchp_dev/browse.html#sonntag,%20jean,%201913-2000--interviews"
"sonntag, richard e., 1942-2009--interviews",1,"erika-b.github.io/tchp_dev/browse.html#sonntag,%20richard%20e.,%201942-2009--interviews"
"sonntag, brian--interviews",1,"erika-b.github.io/tchp_dev/browse.html#sonntag,%20brian--interviews"
"sonntag, jack w., jr.--interviews",1,"erika-b.github.io/tchp_dev/browse.html#sonntag,%20jack%20w.,%20jr.--interviews"
"sonntag family--interviews",1,"erika-b.github.io/tchp_dev/browse.html#sonntag%20family--interviews"
"civic leaders-- washington (state)--interviews",1,"erika-b.github.io/tchp_dev/browse.html#civic%20leaders--%20washington%20(state)--interviews"
"city council members--washington (state)--tacoma--interviews",1,"erika-b.github.io/tchp_dev/browse.html#city%20council%20members--washington%20(state)--tacoma--interviews"
"auditors--washington (state)--interviews",1,"erika-b.github.io/tchp_dev/browse.html#auditors--washington%20(state)--interviews"
"high school principals-- washington (state)-- tacoma--interviews",1,"erika-b.github.io/tchp_dev/browse.html#high%20school%20principals--%20washington%20(state)--%20tacoma--interviews"
"public officers",1,"erika-b.github.io/tchp_dev/browse.html#public%20officers"
"local officials and employees--washington (state)--tacoma (wash.)--politics and government",1,"erika-b.github.io/tchp_dev/browse.html#local%20officials%20and%20employees--washington%20(state)--tacoma%20(wash.)--politics%20and%20government"
"washington (state)--politics and government",1,"erika-b.github.io/tchp_dev/browse.html#washington%20(state)--politics%20and%20government"
"garrison, gerry, 1927- --interviews",1,"erika-b.github.io/tchp_dev/browse.html#garrison,%20gerry,%201927-%20--interviews"
"van winkle, marion, 1910-1996--interviews",1,"erika-b.github.io/tchp_dev/browse.html#van%20winkle,%20marion,%201910-1996--interviews"
"hanford, marylou, 1931- --interviews",1,"erika-b.github.io/tchp_dev/browse.html#hanford,%20marylou,%201931-%20--interviews"
"women--washington (state)--day island--interviews",1,"erika-b.github.io/tchp_dev/browse.html#women--washington%20(state)--day%20island--interviews"
"communities--washington (state)--day island",1,"erika-b.github.io/tchp_dev/browse.html#communities--washington%20(state)--day%20island"
"day island (wash.)--history",1,"erika-b.github.io/tchp_dev/browse.html#day%20island%20(wash.)--history"
"rohr, mary cabrini, 1910-1997--interviews",1,"erika-b.github.io/tchp_dev/browse.html#rohr,%20mary%20cabrini,%201910-1997--interviews"
"nuns--washington (state)--olympia--interviews",1,"erika-b.github.io/tchp_dev/browse.html#nuns--washington%20(state)--olympia--interviews"
"nurses--washington (state)--olympia--interviews",1,"erika-b.github.io/tchp_dev/browse.html#nurses--washington%20(state)--olympia--interviews"
"nursing schools--washington (state)--olympia",1,"erika-b.github.io/tchp_dev/browse.html#nursing%20schools--washington%20(state)--olympia"
"nursing--study and teaching--washington (state)",1,"erika-b.github.io/tchp_dev/browse.html#nursing--study%20and%20teaching--washington%20(state)"
"st. peter hospital (olympia, wash.)",1,"erika-b.github.io/tchp_dev/browse.html#st.%20peter%20hospital%20(olympia,%20wash.)"
"providence st. peter hospital (olympia, wash.)",1,"erika-b.github.io/tchp_dev/browse.html#providence%20st.%20peter%20hospital%20(olympia,%20wash.)"
"sisters of providence (seattle, wash.)",1,"erika-b.github.io/tchp_dev/browse.html#sisters%20of%20providence%20(seattle,%20wash.)"
"country life",1,"erika-b.github.io/tchp_dev/browse.html#country%20life"
"nuns as nurses",1,"erika-b.github.io/tchp_dev/browse.html#nuns%20as%20nurses"
"johnson, bertil e., 1901-2003--interviews",1,"erika-b.github.io/tchp_dev/browse.html#johnson,%20bertil%20e.,%201901-2003--interviews"
"judges--washington (state)--tacoma--interviews",1,"erika-b.github.io/tchp_dev/browse.html#judges--washington%20(state)--tacoma--interviews"
"lawyers--washington (state)--tacoma--interviews",1,"erika-b.github.io/tchp_dev/browse.html#lawyers--washington%20(state)--tacoma--interviews"
"civic leaders--washington (state)--interviews",1,"erika-b.github.io/tchp_dev/browse.html#civic%20leaders--washington%20(state)--interviews"
"juvenile courts--washington (state)--history--sources",1,"erika-b.github.io/tchp_dev/browse.html#juvenile%20courts--washington%20(state)--history--sources"
"jaeger-kraemer, nelda, 1887-1979",1,"erika-b.github.io/tchp_dev/browse.html#jaeger-kraemer,%20nelda,%201887-1979"
"women lawyers--washington (state)--tacoma--history--sources",1,"erika-b.github.io/tchp_dev/browse.html#women%20lawyers--washington%20(state)--tacoma--history--sources"
"women judges--washington (state)--tacoma--history--sources",1,"erika-b.github.io/tchp_dev/browse.html#women%20judges--washington%20(state)--tacoma--history--sources"
"jaeger family",1,"erika-b.github.io/tchp_dev/browse.html#jaeger%20family"
"cramer family",1,"erika-b.github.io/tchp_dev/browse.html#cramer%20family"
"kitchen family",1,"erika-b.github.io/tchp_dev/browse.html#kitchen%20family"
"walker, lillian (lillian allen), 1913-2012--interviews",1,"erika-b.github.io/tchp_dev/browse.html#walker,%20lillian%20(lillian%20allen),%201913-2012--interviews"
"hershberger, carolyn, 1945---interviews",1,"erika-b.github.io/tchp_dev/browse.html#hershberger,%20carolyn,%201945---interviews"
"fine, dorothy",1,"erika-b.github.io/tchp_dev/browse.html#fine,%20dorothy"
"kruse, jean",1,"erika-b.github.io/tchp_dev/browse.html#kruse,%20jean"
"volunteer workers in social service--washington (state)--kitsap county--interviews",1,"erika-b.github.io/tchp_dev/browse.html#volunteer%20workers%20in%20social%20service--washington%20(state)--kitsap%20county--interviews"
"african american women--washington (state)--kitsap county--interviews",1,"erika-b.github.io/tchp_dev/browse.html#african%20american%20women--washington%20(state)--kitsap%20county--interviews"
"jewish women--washington (state)--kitsap county--interviews. women--services for--washington (state)--kitsap county",1,"erika-b.github.io/tchp_dev/browse.html#jewish%20women--washington%20(state)--kitsap%20county--interviews.%20women--services%20for--washington%20(state)--kitsap%20county"
"charities--washington (state)--kitsap county",1,"erika-b.github.io/tchp_dev/browse.html#charities--washington%20(state)--kitsap%20county"
"ywca of kitsap county (wash.)",1,"erika-b.github.io/tchp_dev/browse.html#ywca%20of%20kitsap%20county%20(wash.)"
"alternatives to living in a violent environment (alive) shelter",1,"erika-b.github.io/tchp_dev/browse.html#alternatives%20to%20living%20in%20a%20violent%20environment%20(alive)%20shelter"
"tarabochia, dominic j.--interviews",1,"erika-b.github.io/tchp_dev/browse.html#tarabochia,%20dominic%20j.--interviews"
"tarabochia, rose j.--interviews",1,"erika-b.github.io/tchp_dev/browse.html#tarabochia,%20rose%20j.--interviews"
"croatian americans--washington (state)--gig harbor--interviews",1,"erika-b.github.io/tchp_dev/browse.html#croatian%20americans--washington%20(state)--gig%20harbor--interviews"
"fishers--washington (state)--gig harbor--interviews",1,"erika-b.github.io/tchp_dev/browse.html#fishers--washington%20(state)--gig%20harbor--interviews"
"fishers' spouses--washington (state)--gig harbor--interviews",1,"erika-b.github.io/tchp_dev/browse.html#fishers'%20spouses--washington%20(state)--gig%20harbor--interviews"
"fishers' spouses--washington (state)--gig harbor--economic conditions",1,"erika-b.github.io/tchp_dev/browse.html#fishers'%20spouses--washington%20(state)--gig%20harbor--economic%20conditions"
"fishers' spouses--washington (state)--gig harbor--social conditions",1,"erika-b.github.io/tchp_dev/browse.html#fishers'%20spouses--washington%20(state)--gig%20harbor--social%20conditions"
"purse seining",1,"erika-b.github.io/tchp_dev/browse.html#purse%20seining"
"real estate developers--washington (state)--gig harbor--interviews",1,"erika-b.github.io/tchp_dev/browse.html#real%20estate%20developers--washington%20(state)--gig%20harbor--interviews"
"yugoslav americans--washington (state)--gig harbor--interviews",1,"erika-b.github.io/tchp_dev/browse.html#yugoslav%20americans--washington%20(state)--gig%20harbor--interviews"
"gig harbor (wash.)--social life and customs",1,"erika-b.github.io/tchp_dev/browse.html#gig%20harbor%20(wash.)--social%20life%20and%20customs"
"canada, wardell",1,"erika-b.github.io/tchp_dev/browse.html#canada,%20wardell"
"morrow, isaac",1,"erika-b.github.io/tchp_dev/browse.html#morrow,%20isaac"
"rhymes, rodney, 1960-",1,"erika-b.github.io/tchp_dev/browse.html#rhymes,%20rodney,%201960-"
"woods, douglas, 1950-",1,"erika-b.github.io/tchp_dev/browse.html#woods,%20douglas,%201950-"
"anderson, marlene, 1944-",1,"erika-b.github.io/tchp_dev/browse.html#anderson,%20marlene,%201944-"
"rees, phil (stevedore)",1,"erika-b.github.io/tchp_dev/browse.html#rees,%20phil%20(stevedore)"
"stevedores--washington (state)--tacoma--interviews",1,"erika-b.github.io/tchp_dev/browse.html#stevedores--washington%20(state)--tacoma--interviews"
"international longshore and warehouse union",1,"erika-b.github.io/tchp_dev/browse.html#international%20longshore%20and%20warehouse%20union"
"labor unions--washington (state)",1,"erika-b.github.io/tchp_dev/browse.html#labor%20unions--washington%20(state)"
"labor unions--united states",1,"erika-b.github.io/tchp_dev/browse.html#labor%20unions--united%20states"
"mechanization--social aspects--washington (state)--tacoma",1,"erika-b.github.io/tchp_dev/browse.html#mechanization--social%20aspects--washington%20(state)--tacoma"
"african americans--employment--washington (state)--tacoma",1,"erika-b.github.io/tchp_dev/browse.html#african%20americans--employment--washington%20(state)--tacoma"
"women--employment--washington (state)--tacoma",1,"erika-b.github.io/tchp_dev/browse.html#women--employment--washington%20(state)--tacoma"
"wojahn, lorraine, 1920-2012--interviews",1,"erika-b.github.io/tchp_dev/browse.html#wojahn,%20lorraine,%201920-2012--interviews"
"winsley, shirley j., 1934- --interviews",1,"erika-b.github.io/tchp_dev/browse.html#winsley,%20shirley%20j.,%201934-%20--interviews"
"women legislators--washington (state)--tacoma--interviews",1,"erika-b.github.io/tchp_dev/browse.html#women%20legislators--washington%20(state)--tacoma--interviews"
"women--political activity--washington (state)--history--sources",1,"erika-b.github.io/tchp_dev/browse.html#women--political%20activity--washington%20(state)--history--sources"
"washington (state). legislature. house of representatives--history--sources",1,"erika-b.github.io/tchp_dev/browse.html#washington%20(state).%20legislature.%20house%20of%20representatives--history--sources"
"washington (state). legislature. senate--history--sources",1,"erika-b.github.io/tchp_dev/browse.html#washington%20(state).%20legislature.%20senate--history--sources"
"covid-19 (disease)",1,"erika-b.github.io/tchp_dev/browse.html#covid-19%20(disease)"
"iranian american women",1,"erika-b.github.io/tchp_dev/browse.html#iranian%20american%20women"
"single mothers",1,"erika-b.github.io/tchp_dev/browse.html#single%20mothers"
"immigrants",1,"erika-b.github.io/tchp_dev/browse.html#immigrants"
"precarious employment",1,"erika-b.github.io/tchp_dev/browse.html#precarious%20employment"
"oral history",1,"erika-b.github.io/tchp_dev/browse.html#oral%20history"
